strategy,coins,timeframes,exit_type,trades,days_BTCUSDT,days_SOLUSDT,days_XRPUSDT,win_rate_pct,rr_achieved,r_sum_pre_fee,r_sum_post_fee,sharpe_post_fee,max_drawdown_pct,max_drawdown_r,exit_death_flag,verdict,date_tested
BB Reversion (short-only),BTCUSDT+SOLUSDT+XRPUSDT,1H,native,1054,2346,1778,1932,43.9,1.17,9.24,-48.73,-0.39,83.14,82.26,no,DISCARD,2026-09-05
BB Reversion (short-only),BTCUSDT+SOLUSDT+XRPUSDT,1H,forced-1:3,1054,2346,1778,1932,38.9,1.57,55.88,-2.05,-0.02,48.22,49.59,no,DISCARD,2026-09-05
BB Reversion (short-only),BTCUSDT+SOLUSDT+XRPUSDT,4H,native,290,2321,1753,1907,21.4,2.66,-50.69,-66.67,-0.80,67.08,67.13,no,DISCARD,2026-09-05
BB Reversion (short-only),BTCUSDT+SOLUSDT+XRPUSDT,4H,forced-1:3,294,2321,1753,1907,26.2,2.36,-20.96,-37.14,-0.47,36.47,36.08,no,DISCARD,2026-09-05
BB Reversion (short-only),BTCUSDT+SOLUSDT+XRPUSDT,1D,native,57,2154,1585,1740,8.8,8.17,-8.61,-11.75,-0.18,22.93,26.25,no,DISCARD,2026-09-05
BB Reversion (short-only),BTCUSDT+SOLUSDT+XRPUSDT,1D,forced-1:3,61,2154,1585,1740,18.0,2.79,-17.00,-20.36,-0.69,21.12,20.94,no,DISCARD,2026-09-05
Dual Momentum (absolute leg + BTC switch),BTCUSDT+SOLUSDT+XRPUSDT,1H,native,123,2321,1752,1907,37.4,5.33,121.12,119.46,0.62,7.85,18.69,yes,INCONCLUSIVE,2026-09-05
Dual Momentum (absolute leg + BTC switch),BTCUSDT+SOLUSDT+XRPUSDT,1H,forced-1:3,357,2321,1752,1907,50.7,1.06,9.51,5.13,0.18,7.42,7.86,yes,DISCARD,2026-09-05
Dual Momentum (absolute leg + BTC switch),BTCUSDT+SOLUSDT+XRPUSDT,4H,native,134,2321,1752,1907,37.3,4.67,116.85,115.05,0.58,9.62,22.88,yes,INCONCLUSIVE,2026-09-05
Dual Momentum (absolute leg + BTC switch),BTCUSDT+SOLUSDT+XRPUSDT,4H,forced-1:3,360,2321,1752,1907,46.4,1.45,30.97,26.54,0.52,13.00,18.79,yes,INCONCLUSIVE,2026-09-05
Dual Momentum (absolute leg + BTC switch),BTCUSDT+SOLUSDT+XRPUSDT,1D,native,141,2234,1665,1820,36.9,4.56,115.57,113.75,0.67,8.92,20.95,yes,INCONCLUSIVE,2026-09-05
Dual Momentum (absolute leg + BTC switch),BTCUSDT+SOLUSDT+XRPUSDT,1D,forced-1:3,163,2234,1665,1820,38.7,1.98,25.42,23.42,0.47,14.12,20.29,yes,INCONCLUSIVE,2026-09-05
AdaptiveTrend (momentum + monthly Sharpe gate + ATR trail),BTCUSDT+SOLUSDT+XRPUSDT,1H,native,702,2319,1750,1905,36.2,2.13,102.21,62.96,0.46,48.22,74.68,yes,INCONCLUSIVE,2026-09-05
AdaptiveTrend (momentum + monthly Sharpe gate + ATR trail),BTCUSDT+SOLUSDT+XRPUSDT,1H,forced-1:3,672,2319,1750,1905,42.4,1.30,22.28,-15.42,-0.18,59.12,70.99,yes,DISCARD,2026-09-05
AdaptiveTrend (momentum + monthly Sharpe gate + ATR trail),BTCUSDT+SOLUSDT+XRPUSDT,4H,native,389,2319,1750,1905,37.0,2.11,47.89,38.13,0.38,20.39,28.89,yes,INCONCLUSIVE,2026-09-05
AdaptiveTrend (momentum + monthly Sharpe gate + ATR trail),BTCUSDT+SOLUSDT+XRPUSDT,4H,forced-1:3,352,2319,1750,1905,38.4,1.52,-1.81,-10.64,-0.17,36.04,42.43,yes,DISCARD,2026-09-05
AdaptiveTrend (momentum + monthly Sharpe gate + ATR trail),BTCUSDT+SOLUSDT+XRPUSDT,6H,native,317,2319,1750,1905,37.9,1.95,30.75,24.39,0.35,19.73,26.95,no,INCONCLUSIVE,2026-09-05
AdaptiveTrend (momentum + monthly Sharpe gate + ATR trail),BTCUSDT+SOLUSDT+XRPUSDT,6H,forced-1:3,279,2319,1750,1905,40.9,1.57,17.74,12.23,0.21,19.84,23.76,no,DISCARD,2026-09-05
AdaptiveTrend (momentum + monthly Sharpe gate + ATR trail),BTCUSDT+SOLUSDT+XRPUSDT,1D,native,154,2234,1665,1820,33.1,2.34,10.70,9.30,0.15,15.50,18.04,no,DISCARD,2026-09-05
AdaptiveTrend (momentum + monthly Sharpe gate + ATR trail),BTCUSDT+SOLUSDT+XRPUSDT,1D,forced-1:3,131,2234,1665,1820,42.0,1.45,4.73,3.52,0.09,17.33,19.98,no,DISCARD,2026-09-05
"Crabel Opening Range Breakout (stretch 0.8x 10-day range, no stop, exit next open)",BTCUSDT+SOLUSDT+XRPUSDT,1H,native,2251,2336,1767,1922,43.7,1.44,143.04,73.48,0.48,19.83,29.51,yes,INCONCLUSIVE,2026-09-05
"Crabel Opening Range Breakout (stretch 0.8x 10-day range, no stop, exit next open)",BTCUSDT+SOLUSDT+XRPUSDT,1H,forced-1:3,1595,2336,1767,1922,41.5,1.37,28.67,-20.71,-0.16,52.37,61.34,yes,DISCARD,2026-09-05
"Crabel Opening Range Breakout (stretch 0.8x 10-day range, no stop, exit next open)",BTCUSDT+SOLUSDT+XRPUSDT,4H,native,2244,2335,1766,1921,43.8,1.46,153.38,84.04,0.55,19.90,29.51,yes,INCONCLUSIVE,2026-09-05
"Crabel Opening Range Breakout (stretch 0.8x 10-day range, no stop, exit next open)",BTCUSDT+SOLUSDT+XRPUSDT,4H,forced-1:3,1253,2335,1766,1921,29.9,1.78,-168.75,-207.68,-1.47,214.63,214.36,yes,DISCARD,2026-09-05
"Crabel Opening Range Breakout (stretch 0.8x 10-day range, no stop, exit next open)",BTCUSDT+SOLUSDT+XRPUSDT,6H,native,2232,2325,1756,1911,43.8,1.47,155.49,86.42,0.57,19.95,29.51,yes,INCONCLUSIVE,2026-09-05
"Crabel Opening Range Breakout (stretch 0.8x 10-day range, no stop, exit next open)",BTCUSDT+SOLUSDT+XRPUSDT,6H,forced-1:3,1221,2325,1756,1911,22.3,2.01,-378.60,-416.36,-2.98,407.26,419.32,yes,DISCARD,2026-09-05
"Crabel Opening Range Breakout (stretch 0.8x 10-day range, no stop, exit next open)",BTCUSDT+SOLUSDT+XRPUSDT,1D,native,2094,2234,1665,1820,44.4,1.62,213.48,147.95,1.03,11.71,26.42,yes,INCONCLUSIVE,2026-09-05
"Crabel Opening Range Breakout (stretch 0.8x 10-day range, no stop, exit next open)",BTCUSDT+SOLUSDT+XRPUSDT,1D,forced-1:3,2095,2234,1665,1820,0.0,,-2095.00,-2160.46,-17.18,2183.14,2159.37,yes,DISCARD,2026-09-05
"Keltner Channel breakout (close outside EMA20 +- 2.0xATR10, 1R to the middle line, exit on close back inside)",BTCUSDT+SOLUSDT+XRPUSDT,1H,native,5745,2348,1780,1934,27.6,1.97,8.36,-307.76,-1.92,318.11,350.12,yes,DISCARD,2026-09-05
"Keltner Channel breakout (close outside EMA20 +- 2.0xATR10, 1R to the middle line, exit on close back inside)",BTCUSDT+SOLUSDT+XRPUSDT,1H,forced-1:3,3239,2348,1780,1934,37.8,1.70,243.56,58.98,0.24,39.44,75.11,yes,DISCARD,2026-09-05
"Keltner Channel breakout (close outside EMA20 +- 2.0xATR10, 1R to the middle line, exit on close back inside)",BTCUSDT+SOLUSDT+XRPUSDT,4H,native,1482,2330,1761,1916,32.0,2.25,55.41,15.76,0.22,13.76,16.75,no,DISCARD,2026-09-05
"Keltner Channel breakout (close outside EMA20 +- 2.0xATR10, 1R to the middle line, exit on close back inside)",BTCUSDT+SOLUSDT+XRPUSDT,4H,forced-1:3,832,2330,1761,1916,40.4,1.76,112.67,89.00,0.72,14.38,26.69,no,KEEP,2026-09-05
"Keltner Channel breakout (close outside EMA20 +- 2.0xATR10, 1R to the middle line, exit on close back inside)",BTCUSDT+SOLUSDT+XRPUSDT,6H,native,961,2318,1749,1904,33.7,2.48,64.79,44.31,0.70,11.34,12.26,no,INCONCLUSIVE,2026-09-05
"Keltner Channel breakout (close outside EMA20 +- 2.0xATR10, 1R to the middle line, exit on close back inside)",BTCUSDT+SOLUSDT+XRPUSDT,6H,forced-1:3,570,2318,1749,1904,38.6,1.82,57.19,44.54,0.47,21.00,27.50,no,INCONCLUSIVE,2026-09-05
"Keltner Channel breakout (close outside EMA20 +- 2.0xATR10, 1R to the middle line, exit on close back inside)",BTCUSDT+SOLUSDT+XRPUSDT,1D,native,218,2204,1635,1790,38.1,3.20,35.84,33.66,0.86,4.67,5.50,no,KEEP,2026-09-05
"Keltner Channel breakout (close outside EMA20 +- 2.0xATR10, 1R to the middle line, exit on close back inside)",BTCUSDT+SOLUSDT+XRPUSDT,1D,forced-1:3,127,2204,1635,1790,35.4,2.20,16.26,14.95,0.34,13.97,16.30,no,INCONCLUSIVE,2026-09-05
"Ichimoku Cloud trend trading (close beyond the 9/26/52 cloud with the conversion line past the base line, 1R to the far cloud edge, stop trails the cloud)",BTCUSDT+SOLUSDT+XRPUSDT,1H,native,3843,2348,1780,1934,23.4,3.72,1025.33,452.95,0.42,60.00,267.16,yes,INCONCLUSIVE,2026-09-05
"Ichimoku Cloud trend trading (close beyond the 9/26/52 cloud with the conversion line past the base line, 1R to the far cloud edge, stop trails the cloud)",BTCUSDT+SOLUSDT+XRPUSDT,1H,forced-1:3,4670,2348,1780,1934,36.4,1.62,317.45,-215.40,-0.74,162.44,324.80,yes,DISCARD,2026-09-05
"Ichimoku Cloud trend trading (close beyond the 9/26/52 cloud with the conversion line past the base line, 1R to the far cloud edge, stop trails the cloud)",BTCUSDT+SOLUSDT+XRPUSDT,4H,native,902,2330,1761,1916,27.2,3.72,325.47,270.66,0.81,28.18,55.72,yes,KEEP,2026-09-05
"Ichimoku Cloud trend trading (close beyond the 9/26/52 cloud with the conversion line past the base line, 1R to the far cloud edge, stop trails the cloud)",BTCUSDT+SOLUSDT+XRPUSDT,4H,forced-1:3,1122,2330,1761,1916,39.9,1.76,159.15,106.25,0.77,13.72,31.18,yes,INCONCLUSIVE,2026-09-05
"Ichimoku Cloud trend trading (close beyond the 9/26/52 cloud with the conversion line past the base line, 1R to the far cloud edge, stop trails the cloud)",BTCUSDT+SOLUSDT+XRPUSDT,6H,native,594,2318,1749,1904,25.1,4.22,218.56,188.26,0.64,29.75,50.36,yes,INCONCLUSIVE,2026-09-05
"Ichimoku Cloud trend trading (close beyond the 9/26/52 cloud with the conversion line past the base line, 1R to the far cloud edge, stop trails the cloud)",BTCUSDT+SOLUSDT+XRPUSDT,6H,forced-1:3,745,2318,1749,1904,39.2,1.73,78.21,48.04,0.45,28.26,34.27,yes,INCONCLUSIVE,2026-09-05
"Ichimoku Cloud trend trading (close beyond the 9/26/52 cloud with the conversion line past the base line, 1R to the far cloud edge, stop trails the cloud)",BTCUSDT+SOLUSDT+XRPUSDT,1D,native,144,2204,1635,1790,25.0,7.25,150.81,147.93,0.59,12.56,25.54,yes,INCONCLUSIVE,2026-09-05
"Ichimoku Cloud trend trading (close beyond the 9/26/52 cloud with the conversion line past the base line, 1R to the far cloud edge, stop trails the cloud)",BTCUSDT+SOLUSDT+XRPUSDT,1D,forced-1:3,182,2204,1635,1790,35.7,1.96,12.21,9.20,0.19,22.07,22.31,yes,DISCARD,2026-09-05
"Turtle/Donchian 20-day breakout, System 1 (enter a new 20-day extreme, 2N stop with N the 20-day ATR, exit on the 10-day channel, no pyramiding)",BTCUSDT+SOLUSDT+XRPUSDT,1H,native,237,2333,1765,1919,34.6,3.66,108.26,105.25,0.80,8.09,15.37,yes,KEEP,2026-09-05
"Turtle/Donchian 20-day breakout, System 1 (enter a new 20-day extreme, 2N stop with N the 20-day ATR, exit on the 10-day channel, no pyramiding)",BTCUSDT+SOLUSDT+XRPUSDT,1H,forced-1:3,624,2333,1765,1919,49.8,1.55,68.80,60.94,1.16,6.08,8.68,yes,INCONCLUSIVE,2026-09-05
"Turtle/Donchian 20-day breakout, System 1 (enter a new 20-day extreme, 2N stop with N the 20-day ATR, exit on the 10-day channel, no pyramiding)",BTCUSDT+SOLUSDT+XRPUSDT,4H,native,220,2333,1764,1919,36.4,3.79,123.73,120.94,0.75,7.44,13.13,yes,KEEP,2026-09-05
"Turtle/Donchian 20-day breakout, System 1 (enter a new 20-day extreme, 2N stop with N the 20-day ATR, exit on the 10-day channel, no pyramiding)",BTCUSDT+SOLUSDT+XRPUSDT,4H,forced-1:3,386,2333,1764,1919,46.6,1.65,60.51,55.61,0.96,7.50,10.53,yes,KEEP,2026-09-05
"Turtle/Donchian 20-day breakout, System 1 (enter a new 20-day extreme, 2N stop with N the 20-day ATR, exit on the 10-day channel, no pyramiding)",BTCUSDT+SOLUSDT+XRPUSDT,6H,native,219,2325,1756,1911,35.2,3.83,114.16,111.40,0.70,9.09,12.24,yes,INCONCLUSIVE,2026-09-05
"Turtle/Donchian 20-day breakout, System 1 (enter a new 20-day extreme, 2N stop with N the 20-day ATR, exit on the 10-day channel, no pyramiding)",BTCUSDT+SOLUSDT+XRPUSDT,6H,forced-1:3,340,2325,1756,1911,47.1,1.74,71.70,67.41,1.12,7.85,11.62,yes,KEEP,2026-09-05
"Turtle/Donchian 20-day breakout, System 1 (enter a new 20-day extreme, 2N stop with N the 20-day ATR, exit on the 10-day channel, no pyramiding)",BTCUSDT+SOLUSDT+XRPUSDT,1D,native,188,2234,1665,1820,37.8,3.48,103.40,101.04,0.69,8.82,11.90,yes,INCONCLUSIVE,2026-09-05
"Turtle/Donchian 20-day breakout, System 1 (enter a new 20-day extreme, 2N stop with N the 20-day ATR, exit on the 10-day channel, no pyramiding)",BTCUSDT+SOLUSDT+XRPUSDT,1D,forced-1:3,208,2234,1665,1820,38.9,2.06,40.42,37.88,0.62,13.11,16.69,yes,INCONCLUSIVE,2026-09-05
"Supertrend (10, 3)",BTCUSDT+SOLUSDT+XRPUSDT,1H,native,3394,2352,1784,1939,35.5,2.07,1216.12,754.88,0.69,55.57,245.96,yes,INCONCLUSIVE,2026-09-22
"Supertrend (10, 3)",BTCUSDT+SOLUSDT+XRPUSDT,1H,forced-1:3,3346,2352,1784,1939,27.5,2.24,44.03,-410.65,-1.40,342.13,442.79,yes,DISCARD,2026-09-22
"Supertrend (10, 3)",BTCUSDT+SOLUSDT+XRPUSDT,4H,native,850,2346,1778,1932,36.6,2.66,732.36,678.67,0.89,19.35,73.78,yes,KEEP,2026-09-22
"Supertrend (10, 3)",BTCUSDT+SOLUSDT+XRPUSDT,4H,forced-1:3,841,2346,1778,1932,30.1,2.44,83.86,31.23,0.21,26.17,44.23,yes,DISCARD,2026-09-22
"Supertrend (10, 3)",BTCUSDT+SOLUSDT+XRPUSDT,1D,native,139,2305,1736,1891,33.8,4.73,301.58,298.10,0.62,21.23,56.17,yes,INCONCLUSIVE,2026-09-22
"Supertrend (10, 3)",BTCUSDT+SOLUSDT+XRPUSDT,1D,forced-1:3,140,2305,1736,1891,32.1,2.75,32.70,29.35,0.53,8.49,10.05,yes,INCONCLUSIVE,2026-09-22
